NAME	description	GSdetails	SIZE	ES	NES	pval	padj	FWER	Rank at Max	leading edge genes
REELIN SIGNALING PATHWAY%PATHWAY INTERACTION DATABASE NCI-NATURE CURATED DATA%REELIN SIGNALING PATHWAY	REELIN SIGNALING PATHWAY%PATHWAY INTERACTION DATABASE NCI-NATURE CURATED DATA%REELIN SIGNALING PATHWAY	Details	27	0.589481666286605	1.61790291546016	0.00860046911649726	0.0449609331172102	0	14462	MAPK8IP1,CDK5,RELN,MAP1B,AKT1,MAPT,FYN,CDK5R1,PAFAH1B1,GSK3B,RAPGEF1,NCK2,MAPK8,PIK3R1,PIK3CA,DAB1,RAP1A,ARHGEF2,LRPAP1
ALZHEIMER DISEASE-AMYLOID SECRETASE PATHWAY%PANTHER PATHWAY%P00003	ALZHEIMER DISEASE-AMYLOID SECRETASE PATHWAY%PANTHER PATHWAY%P00003	Details	46	0.53290759535347	1.63905873167779	0.00529500756429652	0.0328212098834816	0	14704	BACE1,MAPK10,CACNA1C,MAPK11,MAPK4,APBA1,KLC4,KLC2,PRKCE,APBA2,KLC1,MAPK3,CACNB1,PRKCZ,MAPK8,KAT5,MAPK12,MAPK1,MAPK15,PRKCG,PKN1,PRKCA,PRKCB,CACNB2
ENKEPHALIN RELEASE%PANTHER PATHWAY%P05913	ENKEPHALIN RELEASE%PANTHER PATHWAY%P05913	Details	31	0.57645191824363	1.63183598790315	0.00928792569659443	0.04763856006799	0	14640	PRKACA,GNB3,GNG3,GNB1,GNG2,GNB2,GNAO1,PRKAR2A,GNG7,PRKACB,GNG4,GNAL,GNAI1,PRKAR2B,PDYN,GNB5
GABA-B_RECEPTOR_II_SIGNALING%PANTHER PATHWAY%P05731	GABA-B_RECEPTOR_II_SIGNALING%PANTHER PATHWAY%P05731	Details	32	0.666974907963532	1.90975349028363	0.000772797527047913	0.0217364207960557	0	14640	PRKACA,ADCY6,ADCY5,GNB3,GNG3,GNB1,KCNJ3,CACNA1A,GNB2,GNAO1,CACNA1G,GABBR2,PRKAR2A,PRKAR1B,GABBR1,GNG7,PRKACB,ADCY9,GNG4,GNAI1,CACNA1B,PRKAR1A,PRKAR2B
HETEROTRIMERIC G-PROTEIN SIGNALING PATHWAY-GI ALPHA AND GS ALPHA MEDIATED PATHWAY%PANTHER PATHWAY%P00026	HETEROTRIMERIC G-PROTEIN SIGNALING PATHWAY-GI ALPHA AND GS ALPHA MEDIATED PATHWAY%PANTHER PATHWAY%P00026	Details	99	0.475550949807381	1.6456095233429	0.0013531799729364	0.0217364207960557	0	14640	PRKACA,CREB3,ADCY6,ADCY5,OPRL1,GNG3,GNB1,CLTB,GNG2,GRM1,KCNJ3,CREB5,GRM3,CREBBP,ADORA1,GRM7,GNB2,GRM5,KCNJ9,PYGB,GSK3B,CALM1,GSK3A,PRKAR2A,PRKAR1B,GNG7,PHKB,KCNJ5,PRKACB,ADCY9,CHRM4,GPR50,GNG4,GNAL,GNAI1,SSTR2,GRM8,GRM2,DRD2,PRKAR1A,PRKAR2B,HTR1E,SSTR1,HTR2C,RAP1A
METABOTROPIC GLUTAMATE RECEPTOR GROUP II PATHWAY%PANTHER PATHWAY%P00040	METABOTROPIC GLUTAMATE RECEPTOR GROUP II PATHWAY%PANTHER PATHWAY%P00040	Details	40	0.557066390341318	1.66084249873113	0.00384024577572965	0.0275217613927291	0	14640	PRKACA,VAMP2,SNAP29,SNAP25,GNB3,STX1B,GNG3,GNB1,STX1A,GRM3,CACNA1A,CACNB1,CACNA1E,GNB2,GNAO1,PRKAR2A,PRKAR1B,GNG7,PRKACB,GNG4,GNAI1,CACNA1B,GRM2,PRKAR1A,PRKAR2B,GNB5
METABOTROPIC GLUTAMATE RECEPTOR GROUP I PATHWAY%PANTHER PATHWAY%P00041	METABOTROPIC GLUTAMATE RECEPTOR GROUP I PATHWAY%PANTHER PATHWAY%P00041	Details	20	0.648563325416557	1.65493449898397	0.00719424460431655	0.0393770423939837	0	14640	PRKACA,GRINA,GRIK5,GRM1,GNA11,GRM5,PRKAR1B,GRIN3A,PRKACB,GRIN1,PRKAR1A,PRKCB,GRIK1,PLCB4,GNAQ
MUSCARINIC ACETYLCHOLINE RECEPTOR 2 AND 4 SIGNALING PATHWAY%PANTHER PATHWAY%P00043	MUSCARINIC ACETYLCHOLINE RECEPTOR 2 AND 4 SIGNALING PATHWAY%PANTHER PATHWAY%P00043	Details	33	0.616138722473969	1.78346987675454	0.0015420200462606	0.0217364207960557	0	14640	PRKACA,GNB3,GNG3,GNB1,KCNJ3,GNB2,KCNJ9,GNAO1,PRKAR2A,PRKAR1B,GNG7,KCNJ5,PRKACB,CHRM4,GNG4,GNAI1,PRKAR1A,PRKAR2B,GNB5
SYNAPTIC_VESICLE_TRAFFICKING%PANTHER PATHWAY%P05734	SYNAPTIC_VESICLE_TRAFFICKING%PANTHER PATHWAY%P05734	Details	19	0.661449026269289	1.67263015026928	0.00631412786108919	0.0369088405138901	0	14715	SYT11,SNAP25,STX1B,SYT5,RAB3A,RIMS1,STX1A,STXBP1,SYT1,SYT3,STX2,SYT7
ACTIVATION OF GABAB RECEPTORS%REACTOME DATABASE ID RELEASE 65%991365	ACTIVATION OF GABAB RECEPTORS%REACTOME DATABASE ID RELEASE 65%991365	Details	35	0.587836581806269	1.72295736521807	0.00383141762452107	0.0274898741105638	0	14513	ADCY6,ADCY5,GNB3,GNG3,GNB1,GNG2,KCNJ3,GNB2,KCNJ9,GABBR2,GABBR1,GNG7,KCNJ5,KCNJ4,ADCY9,GNG4,GNAL,GNAI1,GNB5,KCNJ2,ADCY1
RAS ACTIVATION UPON CA2+ INFLUX THROUGH NMDA RECEPTOR%REACTOME DATABASE ID RELEASE 65%442982	RAS ACTIVATION UPON CA2+ INFLUX THROUGH NMDA RECEPTOR%REACTOME DATABASE ID RELEASE 65%442982	Details	16	0.719725636230951	1.75502757155743	0.00236593059936909	0.0220466357634499	0	14552	CAMK2A,DLG4,LRRC7,HRAS,CAMK2B,RASGRF1,CALM1,CAMK2D,GRIN1,DLG2
NEGATIVE REGULATION OF NMDA RECEPTOR-MEDIATED NEURONAL TRANSMISSION%REACTOME DATABASE ID RELEASE 65%9617324	NEGATIVE REGULATION OF NMDA RECEPTOR-MEDIATED NEURONAL TRANSMISSION%REACTOME DATABASE ID RELEASE 65%9617324	Details	16	0.706798566677529	1.72350533260468	0.00315457413249211	0.0245533138956191	0	14552	CAMK2A,DLG4,LRRC7,CAMK1,CAMK4,CAMK2B,PPM1E,CALM1,CAMK2D,GRIN1,DLG2
PKA-MEDIATED PHOSPHORYLATION OF CREB%REACTOME%R-HSA-111931.3	PKA-MEDIATED PHOSPHORYLATION OF CREB%REACTOME%R-HSA-111931.3	Details	19	0.656867669124651	1.66104510624481	0.00868192580899763	0.0452324732189935	0	14640	PRKACA,ADCY6,NBEA,ADCY5,CALM1,PRKAR2A,PRKAR1B,PRKACB,ADCY9,PRKAR1A,PRKAR2B
SYNAPTIC ADHESION-LIKE MOLECULES%REACTOME%R-HSA-8849932.6	SYNAPTIC ADHESION-LIKE MOLECULES%REACTOME%R-HSA-8849932.6	Details	18	0.661693845092811	1.65586622964433	0.00715990453460621	0.0392983141411334	0	14497	GRIA3,DLG4,PTPRD,GRIA1,PTPRS,LRFN3,LRFN1,FLOT1,RTN3,GRIN1,LRFN2
CA-DEPENDENT EVENTS%REACTOME%R-HSA-111996.3	CA-DEPENDENT EVENTS%REACTOME%R-HSA-111996.3	Details	35	0.567322014305231	1.66282887668208	0.0053639846743295	0.0328212098834816	0	14640	PRKACA,CAMK2A,ADCY6,NBEA,ADCY5,CAMK4,CAMK2B,PDE1B,CALM1,PRKAR2A,PRKAR1B,PDE1C,PDE1A,CAMK2D,PRKACB,ADCY9,MAPK1,GRK2,PRKCG,PRKCA,PRKAR1A,PRKAR2B
INTRA-GOLGI TRAFFIC%REACTOME DATABASE ID RELEASE 65%6811438	INTRA-GOLGI TRAFFIC%REACTOME DATABASE ID RELEASE 65%6811438	Details	40	0.543581526199046	1.62063860949025	0.00768049155145929	0.0413180171037373	0	14753	MAN2A2,CYTH2,CYTH3,CUX1,SNAP29,CYTH1,RGP1,RAB30,COG7,NSF,RAB36,NAPB,NAPA,COG4,STX5,VPS45,COG1,VTI1A,MAN1A2
POTASSIUM CHANNELS%REACTOME DATABASE ID RELEASE 65%1296071	POTASSIUM CHANNELS%REACTOME DATABASE ID RELEASE 65%1296071	Details	78	0.513827696963836	1.71737498244304	0.000704225352112676	0.0217364207960557	0	14627	KCNC3,KCNB1,KCND3,GNB3,GNG3,GNB1,GNG2,KCNAB2,HCN3,KCNK10,KCNH2,KCNJ3,KCNAB3,KCNK3,KCNH7,KCNA5,GNB2,KCNJ9,KCNB2,KCNC2,KCNF1,KCNC1,KCNN3,GABBR2,KCNA3,KCNH4,GABBR1,GNG7,KCNQ3,KCNK2,KCNK9,KCNMA1,KCNJ5,KCNA4,ABCC8,KCNJ4,GNG4,HCN2,KCNA2,KCNH8,KCNQ2,GNB5,KCNAB1,KCNA1,KCNJ14,KCNJ2
GPER1 SIGNALING%REACTOME DATABASE ID RELEASE 65%9634597	GPER1 SIGNALING%REACTOME DATABASE ID RELEASE 65%9634597	Details	39	0.580231334255001	1.72658055389982	0.00230591852421214	0.0220466357634499	0	14640	PRKACA,GNAZ,ADCY6,ADCY5,GNB3,GNG3,GNB1,GNG2,SRC,GNB2,PRKAR2A,PRKAR1B,GNG7,PRKACB,ADCY9,GNG4,GNAI1,GNAS,PRKAR1A,PRKAR2B,GNB5
INWARDLY RECTIFYING K+ CHANNELS%REACTOME%R-HSA-1296065.4	INWARDLY RECTIFYING K+ CHANNELS%REACTOME%R-HSA-1296065.4	Details	27	0.586181381383283	1.60884488893905	0.00860046911649726	0.0449609331172102	0	14139	GNB3,GNG3,GNB1,GNG2,KCNJ3,GNB2,KCNJ9,GABBR2,GABBR1,GNG7,KCNJ5,ABCC8,KCNJ4,GNG4,GNB5,KCNJ14,KCNJ2
PHASE 0 - RAPID DEPOLARISATION%REACTOME%R-HSA-5576892.4	PHASE 0 - RAPID DEPOLARISATION%REACTOME%R-HSA-5576892.4	Details	27	0.619179770335571	1.69941291292478	0.00234558248631744	0.0220466357634499	0	14736	CACNG4,CAMK2A,CACNA1C,CACNG8,CACNG7,SCN3B,CAMK2B,SCN3A,CACNB1,SCN2A,FGF14,SCN1A,CALM1,CAMK2D,FGF13,CACNB2,SCN8A,CACNA2D2
RECEPTOR-TYPE TYROSINE-PROTEIN PHOSPHATASES%REACTOME%R-HSA-388844.4	RECEPTOR-TYPE TYROSINE-PROTEIN PHOSPHATASES%REACTOME%R-HSA-388844.4	Details	18	0.653772573841534	1.63604351909909	0.00875099443118536	0.0454790919196868	0	14555	SLITRK5,SLITRK1,PTPRD,LRRC4B,PPFIA2,SLITRK3,PTPRS,NTRK3,PPFIA3,SLITRK6,SLITRK4,IL1RAPL2
GABA B RECEPTOR ACTIVATION%REACTOME DATABASE ID RELEASE 65%977444	GABA B RECEPTOR ACTIVATION%REACTOME DATABASE ID RELEASE 65%977444	Details	35	0.587836581806269	1.72295736521807	0.00383141762452107	0.0274898741105638	0	14513	ADCY6,ADCY5,GNB3,GNG3,GNB1,GNG2,KCNJ3,GNB2,KCNJ9,GABBR2,GABBR1,GNG7,KCNJ5,KCNJ4,ADCY9,GNG4,GNAL,GNAI1,GNB5,KCNJ2,ADCY1
UNBLOCKING OF NMDA RECEPTORS, GLUTAMATE BINDING AND ACTIVATION%REACTOME DATABASE ID RELEASE 65%438066	UNBLOCKING OF NMDA RECEPTORS, GLUTAMATE BINDING AND ACTIVATION%REACTOME DATABASE ID RELEASE 65%438066	Details	16	0.730962271577862	1.7824277416398	0.00236593059936909	0.0220466357634499	0	14552	CAMK2A,GRIA3,DLG4,LRRC7,GRIA1,GRIA2,CAMK2B,CALM1,CAMK2D,GRIN1,DLG2
CAM PATHWAY%REACTOME%R-HSA-111997.3	CAM PATHWAY%REACTOME%R-HSA-111997.3	Details	34	0.563020615314103	1.64189598528826	0.0053557765876052	0.0328212098834816	0	14640	PRKACA,CAMK2A,ADCY6,NBEA,ADCY5,CAMK4,CAMK2B,PDE1B,CALM1,PRKAR2A,PRKAR1B,PDE1C,PDE1A,CAMK2D,PRKACB,ADCY9,GRK2,PRKCG,PRKCA,PRKAR1A,PRKAR2B
ESTROGEN-DEPENDENT NUCLEAR EVENTS DOWNSTREAM OF ESR-MEMBRANE SIGNALING%REACTOME DATABASE ID RELEASE 65%9634638	ESTROGEN-DEPENDENT NUCLEAR EVENTS DOWNSTREAM OF ESR-MEMBRANE SIGNALING%REACTOME DATABASE ID RELEASE 65%9634638	Details	21	0.672702096659538	1.74455798780203	0.00474683544303797	0.0305365046938081	0	14196	AKT3,AKT1,FOXO3,MAPK3,HBEGF,BCL2,AKT2,CDKN1B,MAPK1
PKA ACTIVATION%REACTOME%R-HSA-163615.5	PKA ACTIVATION%REACTOME%R-HSA-163615.5	Details	17	0.658703074057373	1.63106080749343	0.00870253164556962	0.0452647006386794	0	14640	PRKACA,ADCY6,NBEA,ADCY5,CALM1,PRKAR2A,PRKAR1B,PRKACB,ADCY9,PRKAR1A,PRKAR2B
GABA RECEPTOR ACTIVATION%REACTOME DATABASE ID RELEASE 65%977443	GABA RECEPTOR ACTIVATION%REACTOME DATABASE ID RELEASE 65%977443	Details	46	0.606179373791591	1.86442003123837	0.00075642965204236	0.0217364207960557	0	14513	ADCY6,ARHGEF9,ADCY5,GNB3,GNG3,GNB1,GNG2,GABRA3,KCNJ3,GABRA2,GNB2,KCNJ9,GABRG2,GABBR2,GABBR1,GNG7,GABRB2,KCNJ5,KCNJ4,ADCY9,GNG4,GNAL,GNAI1,GABRA4,GNB5
OLFACTORY SIGNALING PATHWAY%REACTOME%R-HSA-381753.8	OLFACTORY SIGNALING PATHWAY%REACTOME%R-HSA-381753.8	Details	16	0.670127410314353	1.63408390969233	0.00946372239747634	0.0482484558413182	0	13938	GNB1,REEP1,LHX2,OR7D2,EBF1,LDB1,GNAL
CALMODULIN INDUCED EVENTS%REACTOME%R-HSA-111933.3	CALMODULIN INDUCED EVENTS%REACTOME%R-HSA-111933.3	Details	34	0.563020615314103	1.64189598528826	0.0053557765876052	0.0328212098834816	0	14640	PRKACA,CAMK2A,ADCY6,NBEA,ADCY5,CAMK4,CAMK2B,PDE1B,CALM1,PRKAR2A,PRKAR1B,PDE1C,PDE1A,CAMK2D,PRKACB,ADCY9,GRK2,PRKCG,PRKCA,PRKAR1A,PRKAR2B
LONG-TERM POTENTIATION%REACTOME DATABASE ID RELEASE 65%9620244	LONG-TERM POTENTIATION%REACTOME DATABASE ID RELEASE 65%9620244	Details	17	0.707334807047565	1.75148124699768	0.00316455696202532	0.0245533138956191	0	14552	CAMK2A,DLG4,LRRC7,GRIA1,GRIA2,CAMK2B,SRC,CALM1,NRGN,CAMK2D,GRIN1,DLG2
GLUTAMATE NEUROTRANSMITTER RELEASE CYCLE%REACTOME%R-HSA-210500.6	GLUTAMATE NEUROTRANSMITTER RELEASE CYCLE%REACTOME%R-HSA-210500.6	Details	23	0.638763931502464	1.68371137533479	0.00637958532695375	0.0371530952528902	0	14646	TSPOAP1,VAMP2,SNAP25,PPFIA2,RAB3A,SLC1A6,RIMS1,STX1A,SYT1,SLC1A2,ARL6IP5,CPLX1
L1CAM INTERACTIONS%REACTOME%R-HSA-373760.4	L1CAM INTERACTIONS%REACTOME%R-HSA-373760.4	Details	89	0.456641496823903	1.55196902874606	0.00274725274725275	0.0240765171503958	0	14655	CHL1,DCX,AP2A2,DLG4,NCAM1,NCAN,SPTAN1,NRP2,DNM1,DNM3,SCN3B,SCN3A,ITGA10,RPS6KA2,NFASC,MAPK3,EPHB2,SPTBN4,ANK2,SHTN1,SCN2A,GAP43,L1CAM,NRCAM,CNTNAP1,SCN1A,KCNQ3,ANK3,SPTBN2,DPYSL2,SPTB,SH3GL2,MAPK1,CNTN2,KCNQ2,SCN8A,NRP1,AP2B1
POST NMDA RECEPTOR ACTIVATION EVENTS%REACTOME%R-HSA-438064.5	POST NMDA RECEPTOR ACTIVATION EVENTS%REACTOME%R-HSA-438064.5	Details	52	0.567110745684615	1.78109040607547	0.000753012048192771	0.0217364207960557	0	14640	PRKACA,CAMK2A,DLG4,LRRC7,HRAS,CAMK1,GRIA1,GRIA2,CAMK4,GIT1,CAMK2B,PDPK1,RPS6KA2,MAPK3,SRC,RASGRF1,CALM1,PRKAR2A,PRKAR1B,NRGN,CAMK2D,PRKACB,GRIN1,DLG2,MAPK1,PRKAR1A,PRKAR2B,NRG1
CREB1 PHOSPHORYLATION THROUGH NMDA RECEPTOR-MEDIATED ACTIVATION OF RAS SIGNALING%REACTOME%R-HSA-442742.5	CREB1 PHOSPHORYLATION THROUGH NMDA RECEPTOR-MEDIATED ACTIVATION OF RAS SIGNALING%REACTOME%R-HSA-442742.5	Details	24	0.640916480758858	1.70396528025909	0.00398406374501992	0.0278441578716738	0	14552	CAMK2A,DLG4,LRRC7,HRAS,CAMK2B,PDPK1,RPS6KA2,MAPK3,RASGRF1,CALM1,CAMK2D,GRIN1,DLG2,MAPK1
REGULATION OF INSULIN SECRETION%REACTOME DATABASE ID RELEASE 65%422356	REGULATION OF INSULIN SECRETION%REACTOME DATABASE ID RELEASE 65%422356	Details	61	0.509906518173638	1.64554508529687	0.0029673590504451	0.0242250716758054	0	14640	PRKACA,KCNB1,VAMP2,ADCY6,CACNA1C,ADCY5,SNAP25,GNB3,GNG3,GNB1,SYT5,GNG2,CACNB3,STX1A,GNA11,STXBP1,CACNA1A,CACNA1E,GNB2,KCNC2,PRKAR2A,PRKAR1B,GNG7,PRKACB,ABCC8,GNG4,GNAI1,GNAS,PRKCA,PRKAR1A,PRKAR2B,GNB5,CACNB2,CACNA2D2,PLCB1
ADHD AND AUTISM ASD LINKED METABOLIC PATHWAYS AND SNP%WIKIPATHWAYS_20240210%WP5420%HOMO SAPIENS	ADHD AND AUTISM ASD LINKED METABOLIC PATHWAYS AND SNP%WIKIPATHWAYS_20240210%WP5420%HOMO SAPIENS	Details	228	0.360992691642036	1.37786902860264	0.00603500301750151	0.0354422347463746	0	14764	ABAT,CACNG4,NLGN3,VAMP2,GRIA3,CACNA1C,MAP1LC3A,SIRT3,NLGN2,ALDH2,DLG4,SYP,GPHN,AKT3,SNAP25,SHANK1,NRXN2,CACNG8,WDR45,SLC25A12,NCAM1,CACNG7,GABRA3,GRIA2,NRXN3,ADGRL3,SCN3B,STX1A,PIK3R3,STXBP1,SYT1,SCN3A,TSC2,DLGAP4,CNTN4,GABRA2,PIK3R2,GRM3,SLC17A6,KCNA5,CPLX1,TSC1,SCN2A,GRIP1,SLC6A1,CACNG2,HOMER3,NRXN1,CNTN3,NMNAT1,CNR1,CNTNAP1,AKR1C1,SCN1A,GABRG2,KCNA3,CDO1,HOMER2,PRKAR1B,GABBR1,PRKCZ,SLC32A1,GABRB2,SLC46A1,HDC,GRIN3A,GRIP2,KCNA4,DLG5,GRIN1,CACNG1,DLG2,PIK3R1,KCNA2,GKAP1,ABL2,GRM8,DLGAP3,GRM2,DAGLA,INSR,DRD2,PRKCA,GAD2,PRKAR1A,CNTN2,GABRA4,PRKCB
MAPK SIGNALING PATHWAY%WIKIPATHWAYS_20240210%WP382%HOMO SAPIENS	MAPK SIGNALING PATHWAY%WIKIPATHWAYS_20240210%WP382%HOMO SAPIENS	Details	148	0.403257831513015	1.45757100581205	0.00391900718484651	0.0277560404093994	0	14736	CACNG4,MAP3K12,MAPK10,DUSP3,MAPK8IP1,CACNA1C,MAPK11,AKT3,HRAS,MAPK8IP2,CACNG8,TAOK3,CACNG7,PLA2G4B,MAP3K13,CACNB3,DUSP8,NTRK2,MAPK8IP3,NF1,JUND,RELA,PPP3CC,MEF2C,MAPK3,LAMTOR3,CACNA1A,CACNB1,PLA2G4C,TAOK2,RASGRF1,RAPGEF2,CACNG2,FGF14,PTPN5,CACNA1G,PPP3CA,DUSP4,CACNA2D3,JUN,MAPK8,SOS2,CACNG1,DDIT3,MAX,ATF2,BRAF,CACNA1B,CACNB4,MAPK1,PRKCA,FGF13
SYNAPTIC SIGNALING PATHWAYS ASSOCIATED WITH AUTISM SPECTRUM DISORDER%WIKIPATHWAYS_20240210%WP4539%HOMO SAPIENS	SYNAPTIC SIGNALING PATHWAYS ASSOCIATED WITH AUTISM SPECTRUM DISORDER%WIKIPATHWAYS_20240210%WP4539%HOMO SAPIENS	Details	36	0.567676486120894	1.67620792687328	0.0060882800608828	0.0357217030114226	0	14368	CACNA1C,DLG4,AKT3,HRAS,CAMK4,NTRK2,PIK3R3,NF1,TSC2,SYNGAP1,PIK3R2,MAPK3,TSC1,GSK3B,GRIN3A,GRIN1,PIK3R1,MAPK1,ARC
DRAVET SYNDROME%WIKIPATHWAYS_20240210%WP5200%HOMO SAPIENS	DRAVET SYNDROME%WIKIPATHWAYS_20240210%WP5200%HOMO SAPIENS	Details	21	0.645060054977772	1.67287225223714	0.00712025316455696	0.0392983141411334	0	14552	CAMK2A,MAPK11,PCDH19,SCN3B,STXBP1,SCN3A,CHD2,SCN2A,SCN1A,KCNA2,PRKCA,FGF13,SCN8A
G PROTEIN SIGNALING PATHWAYS%WIKIPATHWAYS_20240210%WP35%HOMO SAPIENS	G PROTEIN SIGNALING PATHWAYS%WIKIPATHWAYS_20240210%WP35%HOMO SAPIENS	Details	59	0.560076869088303	1.80129355127369	0.00074019245003701	0.0217364207960557	0	14639	GNAZ,ADCY6,GNB3,HRAS,GNG3,GNB1,PRKCE,AKAP6,GNA11,KCNJ3,PPP3CC,PDE4D,GNB2,GNAO1,PPP3CA,AKAP9,PRKAR1B,AKAP11,GNG7,PRKCZ,PDE4A,PDE1C,PDE1A,ADCY9,GNG4,GNAL,GNAI1,PDE4B,GNAS,PRKCA,PRKAR1A,PRKCB,GNB5
GABA RECEPTOR SIGNALING%WIKIPATHWAYS_20240210%WP4159%HOMO SAPIENS	GABA RECEPTOR SIGNALING%WIKIPATHWAYS_20240210%WP4159%HOMO SAPIENS	Details	23	0.652188392957723	1.71909677727318	0.00398724082934609	0.0278441578716738	0	14764	ABAT,AP2A2,GPHN,GABRA3,GABRA2,SLC6A1,GABRG2,GABBR2,GABBR1,SLC32A1,GABRB2,GAD2,GABRA4,GAD1
FRAGILE X SYNDROME%WIKIPATHWAYS_20240210%WP4549%HOMO SAPIENS	FRAGILE X SYNDROME%WIKIPATHWAYS_20240210%WP4549%HOMO SAPIENS	Details	89	0.474200525064908	1.61164618948256	0.00137362637362637	0.0217364207960557	0	14764	ABAT,CYFIP2,PPP2R5B,CAMK2A,DUSP3,DLG4,GPHN,SHANK1,MAP1B,EPHA4,CLTB,CAMK1,GRIA2,AGAP2,ALDH5A1,CAMK4,NTRK2,FYN,NF1,TSC2,PICK1,SYNGAP1,RAP1GAP,SRC,TSC1,GRIP1,SLC6A1,CNR1,PTPN5,KCNC1,GABRG2,PPP3CA,GABRB2,GRIP2,GRIN1,BRAF,MAPK1,DLGAP3,PRKCA,PRKAR1A,GAD1,ARC
HEDGEHOG SIGNALING PATHWAY%WIKIPATHWAYS_20240210%WP4249%HOMO SAPIENS	HEDGEHOG SIGNALING PATHWAY%WIKIPATHWAYS_20240210%WP4249%HOMO SAPIENS	Details	32	0.611722226499258	1.75154813650787	0.00231839258114374	0.0220466357634499	0	14443	SUFU,SPOP,KIF3A,GPR161,FBXL17,PTCH2,CSNK1D,BCL2,CDON,SMURF1,CSNK1G1,CSNK1E,GAS1,BOC
DISRUPTION OF POSTSYNAPTIC SIGNALING BY CNV%WIKIPATHWAYS_20240210%WP4875%HOMO SAPIENS	DISRUPTION OF POSTSYNAPTIC SIGNALING BY CNV%WIKIPATHWAYS_20240210%WP4875%HOMO SAPIENS	Details	23	0.659827805581452	1.73923342760845	0.00398724082934609	0.0278441578716738	0	14571	NLGN3,CAMK2A,NLGN2,SHANK1,NRXN2,NRXN3,STX1A,SYNGAP1,MAPK3,NRXN1,CAMK2D,GRIN1,DLG2,MAPK1,ARC,RPH3A
GLYCOSAMINOGLYCAN SYNTHESIS IN FIBROBLASTS%WIKIPATHWAYS_20240210%WP5395%HOMO SAPIENS	GLYCOSAMINOGLYCAN SYNTHESIS IN FIBROBLASTS%WIKIPATHWAYS_20240210%WP5395%HOMO SAPIENS	Details	29	0.587457707222968	1.64248700243496	0.00538461538461538	0.032883867105657	0	14632	B3GALT6,CHST11,HS6ST3,B3GAT3,EXTL1,HS6ST2,CSGALNACT2,HS6ST1,CHPF2,NDST3,GLCE,B3GAT1,CHST1
NEUROMUSCULAR SYNAPTIC TRANSMISSION%GOBP%GO:0007274	NEUROMUSCULAR SYNAPTIC TRANSMISSION%GOBP%GO:0007274	Details	16	0.740276856064017	1.80514105316836	0.00236593059936909	0.0220466357634499	0	14728	FCHSD2,TSPOAP1,RIMBP2,ERC2,KIF1B,CHRNB2,ERC1
REGULATION OF VACUOLE ORGANIZATION%GOBP%GO:0044088	REGULATION OF VACUOLE ORGANIZATION%GOBP%GO:0044088	Details	48	0.522847154766048	1.61642243788423	0.0045489006823351	0.029686069109875	0	14563	IFT20,MTMR3,MOAP1,FEZ1,SCARB2,PINK1,WDR45,TBC1D12,EFNB1,LRSAM1,UBQLN2,TBC1D14,EPHB2,MCOLN1,RALB,IFT88,FNIP1,TRIM32,SH3GLB1,PPP3CB
CALCIUM-ION REGULATED EXOCYTOSIS%GOBP%GO:0017156	CALCIUM-ION REGULATED EXOCYTOSIS%GOBP%GO:0017156	Details	31	0.583884981104151	1.65287770724221	0.00696594427244582	0.0387696792042685	0	14715	SYT11,VAMP2,SYT5,RAB3A,RIMS1,SYT4,SYT1,SYT9,SYT13,SYT3,SYT17,SYT10,SYT7,PPP3CB,RIMS3
VIRAL BUDDING%GOBP%GO:0046755	VIRAL BUDDING%GOBP%GO:0046755	Details	25	0.620017782966818	1.67170665518914	0.00395882818685669	0.0278441578716738	0	14592	MVB12B,VPS37D,CHMP3,CHMP4B,VPS28,LRSAM1,CHMP6,CHMP5,CHMP1A,VPS4A,VPS37B,CHMP7,TSG101
GLUTAMATE RECEPTOR SIGNALING PATHWAY%GOBP%GO:0007215	GLUTAMATE RECEPTOR SIGNALING PATHWAY%GOBP%GO:0007215	Details	32	0.616013395706644	1.76383506855487	0.00231839258114374	0.0220466357634499	0	14612	KCNB1,GRIA3,GRIA2,GRM1,CPEB4,CDK5R1,MEF2C,GRM3,GRM7,GRM5,GRIK3,GRIK2,HOMER2,GRIN3A,GRIN1,CLN3,GRM8,GRM2,PLCB1,GRIK1,PTK2B,GNAQ,GRIK4
ASSOCIATIVE LEARNING%GOBP%GO:0008306	ASSOCIATIVE LEARNING%GOBP%GO:0008306	Details	17	0.65763900276905	1.6284259860646	0.00870253164556962	0.0452647006386794	0	14786	MAP1A,SHANK1,NF1,ABCA7,BRSK1,CHRNB2,SLC6A1,GRIN1,CLN3,DRD2
ESTABLISHMENT OF PROTEIN LOCALIZATION TO PLASMA MEMBRANE%GOBP%GO:0061951	ESTABLISHMENT OF PROTEIN LOCALIZATION TO PLASMA MEMBRANE%GOBP%GO:0061951	Details	47	0.544502640351092	1.6789889844756	0.00379362670713202	0.0274382355614917	0	14633	ATP6AP1,VAMP2,LRRC7,OPTN,BBS1,GORASP1,RILPL1,ASAP1,GRIPAP1,GRIP1,NSF,MACF1,SYS1,PREPL,GGA1,RAB11FIP3,ANK3,RAB7A,GRIP2,BBS2,GOLGA7,VPS35,RAB26,AFDN,ARFRP1
ANTEROGRADE AXONAL TRANSPORT%GOBP%GO:0008089	ANTEROGRADE AXONAL TRANSPORT%GOBP%GO:0008089	Details	38	0.58586431630801	1.73926541484159	0.00230414746543779	0.0220466357634499	0	14786	MAP1A,KIF3B,KIF3A,AP3M2,MAPK8IP3,ARL8A,DTNBP1,AP3B2,KIF1B,SNAPIN,TRIM46,KIF5C,TRAK1,KIF5A,KIF1A,BLOC1S6,DLG2,BLOC1S3,BLOC1S4,KIF5B,SPAST
PROTEIN LOCALIZATION TO PLASMA MEMBRANE%GOBP%GO:0072659	PROTEIN LOCALIZATION TO PLASMA MEMBRANE%GOBP%GO:0072659	Details	152	0.386630944072482	1.40431524882222	0.00777705767984446	0.0417659265304222	0	14644	TTC7B,ATP6AP1,KCNB1,VAMP2,PACS1,EFR3B,LRRC7,RAB40B,OPTN,DPP6,PACS2,BBS1,RAB3A,ZFYVE27,SEC16A,GORASP1,SCN3B,CACNB3,EHD1,ITGB1BP1,STXBP1,RILPL1,ASAP1,RAB3C,MYO5A,CLASP2,GRIPAP1,EPB41L3,SPTBN4,ANK2,GRIP1,RAPGEF2,NSF,KCNB2,TNIK,TSPAN5,MACF1,SYS1,PREPL,INPP5K,GGA1,KCNIP4,RAPGEF6,FLOT1,RAB11FIP3,ANK3,RAB7A,TMEM88,SMURF1,GRIP2,BBS2,TSPAN14,GOLGA7,VPS35,GAS6,RAB26,ZDHHC4,AFDN,FGF13,RAB40C,ARFRP1
REGULATION OF NEURON MIGRATION%GOBP%GO:2001222	REGULATION OF NEURON MIGRATION%GOBP%GO:2001222	Details	29	0.58361737663288	1.63174973062506	0.00692307692307692	0.038565285646031	0	14650	ADGRG1,CAMK2A,NEXMIF,CTNNA2,RELN,PLXNB2,CX3CL1,CAMK2B,DAB2IP,ZNF609,SHTN1,RAPGEF2,NSMF
REGULATION OF EXOCYTOSIS%GOBP%GO:0017157	REGULATION OF EXOCYTOSIS%GOBP%GO:0017157	Details	121	0.410329522429986	1.45207899806508	0.00726552179656539	0.0395259496003791	0	14715	SYT11,ATP9A,KCNB1,VAMP2,SLC4A8,BAIAP3,CHMP3,SYT5,RAB3A,CADPS,RIMS1,SYT4,CLASP1,STX1A,STXBP5L,STXBP1,SYT1,RAB3C,SMPD3,SCAMP5,DTNBP1,SYT9,SNCA,SNAPIN,CPLX2,CLASP2,SYT13,CPLX1,SYN1,CHMP6,NSF,SYT3,GAB2,PREPL,VPS4A,SYT17,CBARP,SYT10,RAB7A,ATP13A2,SYT7,RIMS3
PROTEIN LOCALIZATION TO CELL PERIPHERY%GOBP%GO:1990778	PROTEIN LOCALIZATION TO CELL PERIPHERY%GOBP%GO:1990778	Details	167	0.394683020674964	1.45181650182612	0.00509878903760357	0.0322034180865948	0	14644	TTC7B,ATP6AP1,KCNB1,VAMP2,PACS1,EFR3B,LRRC7,RAB40B,OPTN,STX1B,DPP6,PACS2,BBS1,RAB3A,ZFYVE27,SEC16A,LIN7B,GORASP1,SCN3B,CACNB3,EHD1,ITGB1BP1,AP4M1,STXBP1,RILPL1,ARL3,ASAP1,RAB3C,WDR19,MYO5A,RABEP1,CLASP2,GRIPAP1,EPB41L3,SPTBN4,ANK2,GRIP1,RAPGEF2,NSF,KCNB2,TNIK,TSPAN5,PDZD11,MACF1,SYS1,PREPL,INPP5K,GGA1,KCNIP4,RAPGEF6,FLOT1,RAB11FIP3,ANK3,RAB7A,TMEM88,SMURF1,GRIP2,BBS2,BBIP1,TSPAN14,GOLGA7,VPS35,GAS6,ARL13B,RAB26,ZDHHC4,AFDN,FGF13,RAB40C,ARFRP1
NEGATIVE REGULATION OF NEUROGENESIS%GOBP%GO:0050768	NEGATIVE REGULATION OF NEUROGENESIS%GOBP%GO:0050768	Details	70	0.48667873016593	1.59936581498088	0.0014336917562724	0.0217364207960557	0	14724	SIRT2,SEMA4F,EFNB3,DPYSL5,GDI1,APPL2,MAP2,DCC,ULK2,PAX6,RUFY3,GORASP1,WNT7A,NF1,PTPRS,SEMA6C,TRIM46,RAPGEF2,SEMA3C,SEMA6D,HOOK3,SEMA4G,SOX11,DIP2B,DYNLT1,SEMA3B,RTN4,PCM1,NOG,SEMA6B,FGF13
CELLULAR RESPONSE TO NERVE GROWTH FACTOR STIMULUS%GOBP%GO:1990090	CELLULAR RESPONSE TO NERVE GROWTH FACTOR STIMULUS%GOBP%GO:1990090	Details	19	0.660202695095381	1.6694785074126	0.00710339384372534	0.0392983141411334	0	14389	KIDINS220,STMN2,AKT1,MAPT,WASF1,NTRK2,EHD1,RAPGEF2,TMEM108,NTRK3,RAPGEF1,SH3GL2,RAP1A,MAGI2,RAB35
POSITIVE REGULATION OF AXON EXTENSION%GOBP%GO:0045773	POSITIVE REGULATION OF AXON EXTENSION%GOBP%GO:0045773	Details	20	0.658924569090227	1.68137321196072	0.00639488409272582	0.0372076759352481	0	13777	RUFY3,ZFYVE27,MEGF8,MAPT,MAP3K13,ISLR2,DSCAM,SHTN1,L1CAM,MACF1
REGULATION OF POSTSYNAPSE ORGANIZATION%GOBP%GO:0099175	REGULATION OF POSTSYNAPSE ORGANIZATION%GOBP%GO:0099175	Details	43	0.564035693379082	1.709424150416	0.00459770114942529	0.0299023577042153	0	14373	TANC2,CDK5,LRRC4B,CUX2,RELN,PPFIA2,EPHA4,SHANK3,FYN,CAMK2B,CDK5R1,ZDHHC15,KIF1A,NEDD9,ABI2,PRNP,LZTS3,VPS35,NGEF,ARC,DBN1,WNT5A,CAPRIN2
VIRAL BUDDING VIA HOST ESCRT COMPLEX%GOBP%GO:0039702	VIRAL BUDDING VIA HOST ESCRT COMPLEX%GOBP%GO:0039702	Details	22	0.642647372489143	1.67914100036326	0.00789889415481832	0.0423116531603664	0	14194	VPS37D,CHMP3,CHMP4B,VPS28,CHMP6,CHMP5,CHMP1A,VPS4A,VPS37B,CHMP7,TSG101
REGULATION OF POSTSYNAPTIC MEMBRANE POTENTIAL%GOBP%GO:0060078	REGULATION OF POSTSYNAPTIC MEMBRANE POTENTIAL%GOBP%GO:0060078	Details	26	0.618255089932559	1.68472987934143	0.00314465408805031	0.0245533138956191	0	14571	NLGN3,MAPK8IP2,MPP2,AKT1,GABRA3,NPFF,CHRNA4,MEF2C,GABRA2,GABRG2,GSK3B,GSK3A,GRIN1,DRD2,GABRA4
VIRION ASSEMBLY%GOBP%GO:0019068	VIRION ASSEMBLY%GOBP%GO:0019068	Details	34	0.565255648798477	1.64841385054072	0.0053557765876052	0.0328212098834816	0	14592	MVB12B,TBC1D20,VPS37D,CHMP3,CHMP4B,VPS28,LRSAM1,CHMP6,CHMP5,CHMP1A,VPS4A,VPS37B,CHMP7,TSG101
CLATHRIN-DEPENDENT ENDOCYTOSIS%GOBP%GO:0072583	CLATHRIN-DEPENDENT ENDOCYTOSIS%GOBP%GO:0072583	Details	30	0.591662344537298	1.66541056147877	0.00617283950617284	0.0361165763464614	0	14728	FCHSD2,SNAP91,AP2A2,CLTB,DNAJC6,DNM1,PIP5K1C,STON2,FCHO1,DLL1,FNBP1L,AP2B1,PICALM,MAGI2,FCHO2,LMBRD1,GAK,GPR107,AP2A1
MEMORY%GOBP%GO:0007613	MEMORY%GOBP%GO:0007613	Details	52	0.497650181242133	1.56293981402534	0.00753012048192771	0.0406484061784541	0	14786	MAP1A,SYT11,ATXN1,CUX2,SHANK1,SHANK3,MAPT,SHISA7,ACSS2,CAMK4,ABCA7,SLC8A3,CAMK2N1,PLK2,CHRNB2,PJA2,CIC,SCN2A,SLC6A1,RASGRF1,SLC8A2,CPEB3,PPP3CB,PRNP,INSR,FGF13,ARC,PLCB1,CALB1,NPAS4,TH,ATAD1,KAT2A
NEGATIVE REGULATION OF DEVELOPMENTAL GROWTH%GOBP%GO:0048640	NEGATIVE REGULATION OF DEVELOPMENTAL GROWTH%GOBP%GO:0048640	Details	49	0.504619230721851	1.56686254861129	0.00681818181818182	0.0382524981720692	0	14686	SEMA4F,MAP2,DCC,ULK2,PTPRS,VGLL4,SEMA6C,TRIM46,SEMA3C,SEMA6D,SEMA4G,GSK3A,OSTN,DIP2B,CDKN1A,SEMA3B,BBS2,CDKN1B,RTN4,NOG,SEMA6B,FGF13
REGULATION OF ORGANELLE ASSEMBLY%GOBP%GO:1902115	REGULATION OF ORGANELLE ASSEMBLY%GOBP%GO:1902115	Details	195	0.364650025820025	1.36382269599746	0.0082018927444795	0.0436368497032562	0	14760	IFT140,IFT20,MTMR3,NUMA1,RABGAP1,TBC1D30,TESK1,MOAP1,ARHGEF9,TBC1D20,FEZ1,KCTD17,TBC1D9B,LRRC4B,SDCCAG8,CHMP3,PINK1,EVI5L,AKT1,TBC1D10B,KAT2B,WDR45,CHMP4B,TBC1D12,ODF2,TBC1D19,CDK10,MARK4,ASAP1,EFNB1,LRSAM1,UBQLN2,TBC1D14,ARHGAP35,TBC1D13,VPS11,CEP295NL,EPHB2,PLK2,TAPT1,CHMP6,RALB,GSK3B,CHMP5,CHMP1A,IFT88,TRIM32,DYNC2LI1,STX18,RAB11FIP3,ZMYND10,CYLD,SH3GLB1,CDK5RAP2,SGSM3,TCHP,DYNC1H1
ADULT BEHAVIOR%GOBP%GO:0030534	ADULT BEHAVIOR%GOBP%GO:0030534	Details	34	0.637131339098444	1.8580196875801	0.000765110941086458	0.0217364207960557	0	14764	ABAT,BTBD9,NLGN3,SHANK1,NRXN2,SHANK3,NRXN3,CHRNA4,CNTNAP2,PAFAH1B1,CHRNB2,SPTBN4,TSC1,NRXN1
BRAIN MORPHOGENESIS%GOBP%GO:0048854	BRAIN MORPHOGENESIS%GOBP%GO:0048854	Details	17	0.665064273438545	1.64681221872547	0.00791139240506329	0.0423424735882245	0	14177	CTNNA2,SHANK3,NF1,SLIT1,PAFAH1B1,SPEF2,BBS2,FZD3
REGULATION OF PROTEIN TARGETING%GOBP%GO:1903533	REGULATION OF PROTEIN TARGETING%GOBP%GO:1903533	Details	61	0.483673701976325	1.56088783886354	0.00519287833827893	0.0325683218858293	0	14612	KCNB1,DMTN,GDI1,HRAS,TCAF1,PINK1,HTRA2,MIEF2,FYN,ITGB1BP1,ABLIM3,SIAH3,VPS11,GSK3A,INPP5K,NPEPPS,RHOU,ANK3,SH3GLB1,MICALL2,AKT2,MIEF1,PRNP,FBXW7,BAP1,SREBF2
AUTOPHAGOSOME MATURATION%GOBP%GO:0097352	AUTOPHAGOSOME MATURATION%GOBP%GO:0097352	Details	50	0.502489441778492	1.56505249271448	0.00761614623000762	0.0410422026025647	0	14554	UVRAG,GABARAP,GABARAPL2,VPS16,MAP1LC3A,SNAP29,TECPR1,CHMP3,CHMP4B,MAP1LC3B,LIX1,CHMP6,CHMP5,CALM1,CHMP1A,VPS4A,PIK3C3,CHMP7,TSG101,CLN3
RESPONSE TO NERVE GROWTH FACTOR%GOBP%GO:1990089	RESPONSE TO NERVE GROWTH FACTOR%GOBP%GO:1990089	Details	19	0.660202695095381	1.6694785074126	0.00710339384372534	0.0392983141411334	0	14389	KIDINS220,STMN2,AKT1,MAPT,WASF1,NTRK2,EHD1,RAPGEF2,TMEM108,NTRK3,RAPGEF1,SH3GL2,RAP1A,MAGI2,RAB35
MONOATOMIC CATION TRANSPORT%GOBP%GO:0006812	MONOATOMIC CATION TRANSPORT%GOBP%GO:0006812	Details	410	0.336483690422922	1.3392067418936	0.00287191269385411	0.0240765171503958	0	14703	ORAI2,ATP6V0D1,ASIC1,SLC22A17,ATP6AP1,KCNC3,KCNB1,ATP6V0A1,KCND3,ATP6V1G2,CAMK2A,SLC25A23,CACNA1C,SLC4A8,SMDT1,SLC41A3,ATP6V0E2,ATP2B3,SLC39A6,SLC9B2,CNGB1,TMEM175,CACNG8,NDFIP1,CACNG7,ATP6V1F,ASIC3,NNT,MICU1,HCN3,SLC30A4,ATP6V1B2,SLC8A1,KCNK10,TMEM63C,ABCB8,SCN3B,CACNB3,F2R,ATP6V0B,CHRNA4,FYN,KCNH2,SCN3A,KCNJ3,ATP6V0C,KCNAB3,SLC8A3,KCNK3,ABCC5,SLC24A3,CACNA1A,NALCN,SLC9A6,CACNB1,TRPV1,CACNA1E,KCNH7,KCNA5,JPH4,SELENOK,NIPA1,KCNIP2,ATP1A3,MCOLN1,CHRNB2,GP1BB,KCNJ9,ANK2,SCN2A,SLC6A1,CNGA3,CACNA1H,STIM1,KCNB2,KCNC2,KCNF1,PLCH2,LRRC55,MAGED2,SLC12A5,SCNN1D,KCNC1,CACNA1G,SCN1A,PLCG1,KCNN3,TUSC3,UCP3,SLC9A8,KCNA3,RNASEK,SLC8A2,KCNH4,ATP2B2,SLC29A4,LETM1,RAB11B,KCNQ3,SLC39A13,KCNK2,ATP6V1D,SLC46A1,ATP6V1H,SLC6A17,PLCE1,ATP2B1,KCNK9,TMEM163,SLC41A2,ATP6V1A,KCNMA1,GRIN3A,SLC48A1,KCNJ5,KCNA4,TTYH1,ATP7A,SLC36A1,GRIN1,ATP7B,CACNG1,ABCC8,KCNJ4,ATP10D,LMTK2,HCN2,TRPM3,CDH23,STIM2,SLC17A7,PKD1,KCNA2,SLC12A6,GAS6,CACNA1B,MICU3,DRD2,KCNH8,FGF13,KCNJ13,ATP6V1G1,KCNQ2,TFR2,SLC12A7,CACNA1I,KCNAB1,CACNB2,NIPAL3,SCN8A
REGULATION OF AMINE TRANSPORT%GOBP%GO:0051952	REGULATION OF AMINE TRANSPORT%GOBP%GO:0051952	Details	49	0.526751765768248	1.63558493998829	0.00378787878787879	0.0274282618573276	0	14715	SYT11,KCNB1,SYT5,TRH,SYT4,CHRNA4,STX1A,SYT1,DTNBP1,SYT9,SNCA,SYT13,ARL6IP5,GRM7,CHRNB2,SYT3,SYT17,SYT10,SYT7,KCNA2,GRK2,DRD2,CHGA,SLC43A2
REGULATION OF DEVELOPMENTAL GROWTH%GOBP%GO:0048638	REGULATION OF DEVELOPMENTAL GROWTH%GOBP%GO:0048638	Details	135	0.414243081848551	1.48506449538619	0.00327225130890052	0.0248106204314946	0	14686	SEMA4F,RNF157,MAP2,DCC,ULK2,MBD5,MYCBP2,RUFY3,ZFYVE27,MEGF8,MAPT,MAP3K13,AKAP6,RIMS1,SYT4,CPNE5,SYT1,MEF2C,PTPRS,VGLL4,CAPN3,ISLR2,DSCAM,SEMA6C,TRIM46,SHTN1,L1CAM,SYT3,NRCAM,SEMA3C,SEMA6D,MACF1,GSK3B,BASP1,SEMA4G,OLFM1,GSK3A,OSTN,SYT17,DIP2B,CDKN1A,SMURF1,ZFPM2,SEMA3B,NEDD4L,BBS2,CDKN1B,DLL1,RTN4,NOG,CPNE6,SEMA6B,INSR,FGF13
REGULATION OF MONOATOMIC ION TRANSMEMBRANE TRANSPORT%GOBP%GO:0034765	REGULATION OF MONOATOMIC ION TRANSMEMBRANE TRANSPORT%GOBP%GO:0034765	Details	201	0.369647065752386	1.3877612031228	0.00690954773869347	0.0385241036443318	0	14640	PRKACA,NLGN3,VAMP2,AMIGO1,CACNA1C,RELN,DPP6,TCAF1,BIN1,KCNAB2,SHANK3,PRKCE,AKAP6,SLC8A1,SCN3B,CACNB3,F2R,WNK2,GPD1L,CX3CL1,FYN,CALM3,FHL1,KCNH2,KCNJ3,PPP3CC,PDPK1,KCNAB3,SESTD1,CAPN3,SNCA,PDE4D,CACNB1,JPH4,GPR35,HPCA,EPHB2,GNB2,KCNIP2,GRM5,KCNJ9,ANK2,STIM1,LRRC55,GSTM2,PLCG1,CALM1,PPP3CA,NOS1AP,AKAP9,KCNIP4,KCNRG,CBARP,TLR9,KCNIP1,ANK3,CAMK2D,PPP3CB,DMD,KCNJ5,GRIN1,CACNG1,NEDD4L,KCNJ4,PRNP,STIM2,CACNB4,WNK1,PDE4B,FGF13,KCNJ13,GNB5,KCNAB1,CACNB2,KCNJ14,KCNJ2,CAB39,ATP1B2,WWP2,ABCB1,UBASH3B,PTK2B,CRHR1,KCNE2,KCNJ11,ATP2B4,JPH3,P2RX5
REGULATION OF DENDRITE DEVELOPMENT%GOBP%GO:0050773	REGULATION OF DENDRITE DEVELOPMENT%GOBP%GO:0050773	Details	56	0.563289196714583	1.78904176245252	0.000748502994011976	0.0217364207960557	0	14631	SARM1,DPYSL5,CAMK1D,DCC,CUX1,PTPRD,CUX2,RELN,SS18L1,ADGRB3,CSMD3,GORASP1,CAMK2B,DAB2IP,CUL7,KNDC1,HECW1,ZDHHC15,CHRNB2,RAPGEF2,TNIK,LZTS1,NSMF,MARK1,GSK3B,SEZ6,CAMSAP2,BCL11A,NEDD4L
RECEPTOR LOCALIZATION TO SYNAPSE%GOBP%GO:0097120	RECEPTOR LOCALIZATION TO SYNAPSE%GOBP%GO:0097120	Details	25	0.653948658799923	1.76319188755647	0.00158353127474268	0.0217364207960557	0	14736	CACNG4,KIF3B,DLG4,GPHN,LRRC7,STX1B,CACNG8,CACNG7,GRIPAP1,KIF5C,GRIP1,CACNG2,KIF5A,GRIP2,DLG2
REGULATION OF DOPAMINE SECRETION%GOBP%GO:0014059	REGULATION OF DOPAMINE SECRETION%GOBP%GO:0014059	Details	22	0.678119784848327	1.77182508268261	0.00315955766192733	0.0245533138956191	0	14715	SYT11,SYT5,SYT4,CHRNA4,SYT1,DTNBP1,SYT9,SNCA,SYT13,CHRNB2,SYT3,SYT17,SYT10,SYT7,KCNA2,DRD2
REGULATION OF CELLULAR COMPONENT BIOGENESIS%GOBP%GO:0044087	REGULATION OF CELLULAR COMPONENT BIOGENESIS%GOBP%GO:0044087	Details	726	0.307461941842489	1.26193840018747	0.0048205677557579	0.0308034005750492	0	14791	CLIP3,MAPRE3,IFT140,HDAC6,FCHSD2,DNAJB2,CLSTN3,PRRT2,PRKACA,ABCA3,NLGN3,IFT20,DMTN,SLITRK5,DUSP3,MTMR3,GPM6A,FBXL2,MEGF9,NUMA1,SLITRK1,DCTN1,PAK3,RABGAP1,CLSTN1,TBC1D30,WASHC1,THRA,MAP2,VPS16,EVL,SIRT3,NLGN2,TESK1,PLEKHG2,MOAP1,MDGA1,PTPRA,MECP2,ARHGEF9,TBC1D20,FEZ1,KCTD17,PHLDB1,TBC1D9B,PTPRD,NAV3,LRRC4B,EPHA3,CUX2,SDCCAG8,PDE4DIP,HRAS,EPHB3,TENM2,SHANK1,STMN2,TERF2,STX1B,APC,CHMP3,TPPP,PINK1,EVI5L,AKT1,TBC1D10B,KAT2B,WDR45,CHMP4B,PALM,ABCA2,ROBO2,SLIT2,TGFB3,NEURL1,BIN1,CLIP1,TBC1D12,DNAJC6,SHANK3,PRKCE,ODF2,MYCBP2,TBC1D19,CDK10,CAMSAP1,SEC16A,TMEFF2,MAPT,TTBK1,PEX5,ARHGEF7,SSH2,MARK4,CX3CL1,CLASP1,WNT7A,GIT1,DAB2IP,CDK5R1,ITGB1BP1,STXBP1,VPS41,ASAP1,BAIAP2,EFNB1,LRSAM1,ADD1,SMPD3,UBQLN2,FER,MEF2C,TBC1D14,ARHGAP35,PPM1E,TBC1D13,SLITRK3,PLEKHM1,CLSTN2,RAP1GAP,HIP1R,VPS11,CNTNAP2,SLIT1,SNCA,MTSS1,EPHB1,TPPP3,CLASP2,SRC,CEP295NL,EPHB2,FNIP2,NPHP4,PLK2,RIPOR2,CHRNB2,INSM1,AMBRA1,TAPT1,TSC1,SETDB1,CHMP6,RAPGEF2,GAP43,TMSB15B,NRXN1,TUBB4A,TENM1,VPS39,NAPB,SSH1,VPS8,CPTP,NAPA,RALB,MACF1,GSK3B,CHMP5,CD47,DEF8,CHMP1A,INPP5K,IFT88,PAK2,NUDT16,VPS4A,AKAP9,FNIP1,TRIM32,RAPGEF1,PRKCZ,FLOT1,DYNC2LI1,RB1,NCK2,STX18,RAB11FIP3,RAB7A,SNCAIP,MAPK8,ATP13A2,ZMYND10,PLCE1,CYLD,SH3GLB1,CDK5RAP2,AVIL,SGSM3,TCHP,DYNC1H1,SLAIN1,PLPPR5,CAMSAP3,CDC42EP3,RIOK3,TBC1D24,CAMSAP2,TOGARAM1,STUB1
ENDOSOME ORGANIZATION%GOBP%GO:0007032	ENDOSOME ORGANIZATION%GOBP%GO:0007032	Details	77	0.455766295664981	1.52083720902978	0.00561797752808989	0.0337832020319428	0	14633	ATP6AP1,ATP6V0A1,VPS37D,CHMP3,CHMP4B,ATP6V1F,VPS28,DNM1,ATP6V0B,ATP6V0C,VPS11,CHMP6,CHMP5,HOOK3,CLCN3,RNASEK,CHMP1A,VPS4A,TMCC1,ATP6V1D,ATP6V1H,RAB22A,STAM2,ATP6V1A,VPS37B,CHMP7,TSG101,HGS
REGULATION OF MICROTUBULE CYTOSKELETON ORGANIZATION%GOBP%GO:0070507	REGULATION OF MICROTUBULE CYTOSKELETON ORGANIZATION%GOBP%GO:0070507	Details	139	0.402464512859625	1.44758328511233	0.0038961038961039	0.0277560404093994	0	14791	CLIP3,MAPRE3,MAP1A,MAP6,NUMA1,DCTN1,MAP2,MECP2,STMN4,PHLDB1,NAV3,EPHA3,PDE4DIP,STMN2,APC,CHMP3,TPPP,MAP1B,CHMP4B,CLIP1,CAMSAP1,PARP3,MAPT,BICD2,ARHGEF7,CLASP1,GIT1,CDK5R1,SNCA,CLASP2,APC2,CHMP6,TUBB4A,TTBK2,GSK3B,CHMP5,FSD1,GSK3A,CHMP1A,AKAP9,STMN3,CYLD,CDK5RAP2,DYNC1H1,SLAIN1,CAMSAP3,CAMSAP2,TOGARAM1,CHMP7,MAP9,GNAI1,SPEF1,CCSAP,TRIM36,SKA2,FGF13,FAM107A,NME7,PRUNE1,CEP97,MAPRE2
ACTION POTENTIAL%GOBP%GO:0001508	ACTION POTENTIAL%GOBP%GO:0001508	Details	63	0.471236748644272	1.52284785995652	0.00887573964497041	0.0459751596461421	0	14612	KCNB1,KCND3,CACNA1C,AKAP6,SLC8A1,SCN3B,SLC4A3,GPD1L,CHRNA4,GNA11,KCNH2,SCN3A,KCNJ3,KCNA5,KCNIP2,ANK2,SCN2A,CNTNAP1,CACNA1G,SCN1A,ANK3,DMD,KCNJ5,NEDD4L,HCN2,KCNA2,CLN3,CACNB2,SCN8A,KCNA1
PROTEIN LOCALIZATION TO SYNAPSE%GOBP%GO:0035418	PROTEIN LOCALIZATION TO SYNAPSE%GOBP%GO:0035418	Details	32	0.628945588789494	1.80086389914822	0.00154559505409583	0.0217364207960557	0	14786	MAP1A,NLGN2,DLG4,LRRC7,SHANK1,NRXN2,STX1B,MAPK8IP3,BSN,GRIPAP1,ZDHHC15,KIF5C,GRIP1,NRXN1,PCLO,KIF5A,GRIP2,DLG2
SYNAPTIC VESICLE LOCALIZATION%GOBP%GO:0097479	SYNAPTIC VESICLE LOCALIZATION%GOBP%GO:0097479	Details	33	0.566686337426402	1.64032542592069	0.00616808018504241	0.0361165763464614	0	14613	SNAP91,CDK5,AP3M2,DNM1,DNM3,SYNJ1,CDH2,DTNBP1,AP3B2,SNAPIN,TRIM46,KIF5C,KIF5A,BLOC1S6,BLOC1S3,BLOC1S4,KIF5B,PICALM,SPG11
POSITIVE REGULATION OF CELL MORPHOGENESIS%GOBP%GO:0010770	POSITIVE REGULATION OF CELL MORPHOGENESIS%GOBP%GO:0010770	Details	17	0.672301842575295	1.66473367047726	0.00632911392405063	0.0369276739918121	0	14375	CUX1,PTPRD,CUX2,RELN,SS18L1,CAMK2B,CUL7
REGULATION OF POSTSYNAPTIC MEMBRANE NEUROTRANSMITTER RECEPTOR LEVELS%GOBP%GO:0099072	REGULATION OF POSTSYNAPTIC MEMBRANE NEUROTRANSMITTER RECEPTOR LEVELS%GOBP%GO:0099072	Details	24	0.651581055147664	1.73231852913443	0.00398406374501992	0.0278441578716738	0	14736	CACNG4,AP2A2,DLG4,GPHN,LRRC7,STX1B,CACNG8,CACNG7,GRIPAP1,GRIP1,CACNG2
NEGATIVE REGULATION OF NERVOUS SYSTEM DEVELOPMENT%GOBP%GO:0051961	NEGATIVE REGULATION OF NERVOUS SYSTEM DEVELOPMENT%GOBP%GO:0051961	Details	74	0.491543786394815	1.63268352016078	0.00283085633404105	0.0240765171503958	0	14724	SIRT2,SEMA4F,EFNB3,DPYSL5,GDI1,APPL2,MAP2,DCC,ULK2,PAX6,ROBO2,RUFY3,GORASP1,WNT7A,NF1,PTPRS,SLIT1,SEMA6C,TRIM46,RAPGEF2,SEMA3C,SEMA6D,HOOK3,SEMA4G,SOX11,DIP2B,DYNLT1
PALLIUM DEVELOPMENT%GOBP%GO:0021543	PALLIUM DEVELOPMENT%GOBP%GO:0021543	Details	57	0.504432619113981	1.60844246524658	0.00375093773443361	0.0272337841208559	0	14650	ADGRG1,PLXNA3,RELN,FAT4,SLIT2,NTRK2,FXR2,DAB2IP,KIRREL3,NF1,EFHC1,CNTNAP2,EPHA5,CCDC85C,ZMIZ1,PAFAH1B1,TACC2,FOXP2,GSK3B,TMEM108,TRAPPC9,NEUROD1,BBS2,RTN4,TACC1,SEMA6B,FGF13,PHACTR1
LOCALIZATION WITHIN MEMBRANE%GOBP%GO:0051668	LOCALIZATION WITHIN MEMBRANE%GOBP%GO:0051668	Details	427	0.332303867436405	1.32744111015134	0.00398406374501992	0.0278441578716738	0	14763	CPE,CACNG4,TTC7B,ATP6AP1,KCNB1,RAB6B,LRRC4,VAMP2,ZDHHC11,ARL4C,WASHC1,CYP46A1,NLGN2,MOAP1,CCDC93,DLG4,STX12,PACS1,SEC61A2,GPHN,EFR3B,VPS37D,LRRC7,RAB40B,NACAD,OPTN,ZDHHC9,NRXN2,STX1B,DPP6,CACNG8,VPS53,CACNG7,CHMP4B,PACS2,REEP1,BBS1,RAB3A,SHANK3,ZFYVE27,GOLGA7B,SEC16A,SHISA7,LIN7B,GORASP1,SCN3B,CACNB3,PEX5,OSBPL5,RRAGA,EHD1,ITGB1BP1,AP4M1,STXBP1,RILPL1,ARL3,ASAP1,RAB3C,PICK1,WDR19,MYO5A,RABEP1,CAPN3,CLASP2,GRIPAP1,EPB41L3,ZDHHC15,TAOK2,SPTBN4,ANK2,ZFAND2B,GRIP1,RAPGEF2,CACNG2,NSF,NRXN1,KCNB2,VPS39,TNIK,TSPAN5,PDZD11,MACF1,VPS13B,BAG6,RFTN1,SYS1,PREPL,INPP5K,GGA1,KCNIP4,RAB11B,MICALL1,RAPGEF6,FLOT1,RAB11FIP3,ANK3,RAB7A,DENND1A,SH3GLB1,TMEM88,RAB11FIP4,SMURF1,GRIP2,TM9SF4,MICALL2,BBS2,BBIP1,ARL6,DLG2,VPS37B,LMTK2,TSPAN14,LMNA,HGS,GOLGA7,VPS35,BRAF,VPS50,GAS6,ARL13B,EXOC6,VTI1A,WNK1,YJEFN3,TRAM1L1,EIPR1,RAB26,RAB6A,DENND1B,ZDHHC4,AFDN,FGF13,RAB40C,ARFRP1,ATP13A1,CCDC22,WDR83OS,SGTA,SEC61A1,CACNB2,ZDHHC1,VPS52
MICROTUBULE NUCLEATION%GOBP%GO:0007020	MICROTUBULE NUCLEATION%GOBP%GO:0007020	Details	26	0.588133167190581	1.60264838241083	0.00786163522012579	0.0421480323757043	0	14422	CCDC57,TPPP,TUBGCP6,GOLGA2,CLASP1,CSNK1D,CLASP2,TUBGCP2,AKAP9,NIN,SLAIN1,TUBG2
REGULATION OF AUTOPHAGOSOME ASSEMBLY%GOBP%GO:2000785	REGULATION OF AUTOPHAGOSOME ASSEMBLY%GOBP%GO:2000785	Details	39	0.558453026489481	1.66177536247893	0.00461183704842429	0.0299023577042153	0	14563	IFT20,MTMR3,MOAP1,FEZ1,PINK1,WDR45,TBC1D12,EFNB1,LRSAM1,UBQLN2,TBC1D14,EPHB2,RALB,IFT88,TRIM32,SH3GLB1
MEMBRANE FISSION%GOBP%GO:0090148	MEMBRANE FISSION%GOBP%GO:0090148	Details	43	0.528658548519332	1.6022065638237	0.00689655172413793	0.0384858237547893	0	14678	EXOC7,VPS37D,CHMP3,CHMP4B,VPS28,DNM1,EXOC3,CHMP6,CHMP5,CHMP1A,VPS4A,TMCC1,SH3GLB1,STAM2,VPS37B,CHMP7,TSG101,HGS,EXOC6,UBAP1,CORO1C,SPAST
SYNAPTIC TRANSMISSION, GLUTAMATERGIC%GOBP%GO:0035249	SYNAPTIC TRANSMISSION, GLUTAMATERGIC%GOBP%GO:0035249	Details	24	0.598473745485794	1.59112538695676	0.00876494023904383	0.0455138914976982	0	14664	SLC1A4,GRIA3,GRID1,GRIK5,GRIA1,GRIA2,SLC17A6,GRIK3,NAPB,NAPA,GRIK2,GRIN3A,SLC17A7,GRIK1,SLC17A8,UNC13A,GRIK4
SYNAPTIC VESICLE TRANSPORT%GOBP%GO:0048489	SYNAPTIC VESICLE TRANSPORT%GOBP%GO:0048489	Details	30	0.570836917299561	1.60679117021743	0.0100308641975309	0.0499395443553519	0	14613	SNAP91,CDK5,AP3M2,DNM1,DNM3,SYNJ1,DTNBP1,AP3B2,SNAPIN,TRIM46,KIF5C,KIF5A,BLOC1S6,BLOC1S3,BLOC1S4,KIF5B,PICALM,SPG11
